{
  "model_type": "XGBoost Classifier (Detectability)",
  "Accuracy": 0.9994666666666666,
  "Classification_Report": {
    "0": {
      "precision": 0.9996437477734236,
      "recall": 0.9992877492877493,
      "f1-score": 0.9994657168299198,
      "support": 22464.0
    },
    "1": {
      "precision": 0.9992902767920511,
      "recall": 0.9996450124245652,
      "f1-score": 0.9994676131322094,
      "support": 22536.0
    },
    "accuracy": 0.9994666666666666,
    "macro avg": {
      "precision": 0.9994670122827374,
      "recall": 0.9994663808561572,
      "f1-score": 0.9994666649810646,
      "support": 45000.0
    },
    "weighted avg": {
      "precision": 0.9994667295059523,
      "recall": 0.9994666666666666,
      "f1-score": 0.9994666664981064,
      "support": 45000.0
    }
  }
}